<metadata xml:lang="en"><Esri><CreaDate>20121128</CreaDate><CreaTime>09211700</CreaTime><ArcGISFormat>1.0</ArcGISFormat><SyncOnce>FALSE</SyncOnce><DataProperties><coordRef><csUnits>Decimal Degree</csUnits><geogcsn>WGS 84</geogcsn><peXml><wktVar>&lt;ProjectedCoordinateSystem&gt;&lt;WKT&gt;GEOGCS["WGS 84",DATUM["World Geodetic System 1984 [EPSG ID 6326]",SPHEROID["WGS 84 [EPSG ID 7030]",6378137.0,298.257223563]],PRIMEM["Greenwich",0.0],UNIT["Decimal Degree",0.01745329251994328]]&lt;/WKT&gt;&lt;XOrigin&gt;-80&lt;/XOrigin&gt;&lt;YOrigin&gt;43&lt;/YOrigin&gt;&lt;XYScale&gt;100000000&lt;/XYScale&gt;&lt;ZOrigin&gt;0&lt;/ZOrigin&gt;&lt;ZScale&gt;1&lt;/ZScale&gt;&lt;MOrigin&gt;0&lt;/MOrigin&gt;&lt;MScale&gt;1&lt;/MScale&gt;&lt;XYTolerance&gt;.00000002&lt;/XYTolerance&gt;&lt;ZTolerance&gt;0&lt;/ZTolerance&gt;&lt;MTolerance&gt;0&lt;/MTolerance&gt;&lt;HighPrecision&gt;&lt;/HighPrecision&gt;&lt;/ProjectedCoordinateSystem&gt;&lt;/peXml&gt;</wktVar></peXml><type Sync="TRUE">Geographic</type></coordRef><itemProps><itemName Sync="TRUE">CENTRELINE_INTERSECTION_WGS84</itemName><imsContentType Sync="TRUE">002</imsContentType><nativeExtBox><westBL Sync="TRUE">-79.639265</westBL><eastBL Sync="TRUE">-79.115243</eastBL><southBL Sync="TRUE">43.580996</southBL><northBL Sync="TRUE">43.855457</northBL><exTypeCode Sync="TRUE">1</exTypeCode></nativeExtBox><itemSize Sync="TRUE">1.245</itemSize><itemLocation><linkage Sync="TRUE">file://\\J2XD0060991\D\Open data temp2\centreline_intersetion_GCC\CENTRELINE_INTERSECTION_WGS84.shp</linkage><protocol Sync="TRUE">Local Area Network</protocol></itemLocation></itemProps></DataProperties><SyncDate>20130729</SyncDate><SyncTime>09273400</SyncTime><ModDate>20130729</ModDate><ModTime>9292400</ModTime><scaleRange><minScale>150000000</minScale><maxScale>5000</maxScale></scaleRange><ArcGISProfile>FGDC</ArcGISProfile></Esri><idinfo><citation><citeinfo><title>none</title><origin>none</origin></citeinfo></citation></idinfo><dataIdInfo><descKeys><keyword>City of Toronto</keyword><keyword>intersections</keyword><keyword>flow</keyword><keyword>intersection elevation level</keyword></descKeys><idPurp>Intersection file used by City Divisions to support City Services. Centreline Intersection with all Elevation Levels.</idPurp><idAbs>&lt;DIV STYLE="text-align:Left;"&gt;&lt;DIV&gt;&lt;DIV&gt;&lt;P&gt;&lt;SPAN&gt;The file contains intersections as point features and is in an ESRI shape file format.Elevation,Elevation Unit, Height Restriction, and Height Restriction Unit information not available at this time.&lt;/SPAN&gt;&lt;/P&gt;&lt;/DIV&gt;&lt;/DIV&gt;&lt;/DIV&gt;</idAbs><idCitation><resTitle>CITYGCS.CENTRELINE_INTERSECTION</resTitle><presForm><PresFormCd value="005" Sync="TRUE"/></presForm></idCitation><resConst><Consts><useLimit>&lt;DIV STYLE="text-align:Left;"&gt;&lt;DIV&gt;&lt;DIV&gt;&lt;P&gt;&lt;SPAN&gt;Source must be credited. Cannot be re-sold&lt;/SPAN&gt;&lt;/P&gt;&lt;/DIV&gt;&lt;/DIV&gt;&lt;/DIV&gt;</useLimit></Consts></resConst><dataExt><geoEle><GeoBndBox><westBL>-79.65</westBL><eastBL>-79.11</eastBL><northBL>43.86</northBL><southBL>43.57</southBL></GeoBndBox></geoEle></dataExt><envirDesc Sync="TRUE">Microsoft Windows XP Version 5.1 (Build 2600) Service Pack 3; Esri ArcGIS 10.1.1.3143</envirDesc><dataLang><languageCode value="en" Sync="TRUE"/><countryCode value="US" Sync="TRUE"/></dataLang><spatRpType><SpatRepTypCd value="001" Sync="TRUE"/></spatRpType><dataExt><geoEle xmlns=""><GeoBndBox esriExtentType="search"><exTypeCode Sync="TRUE">1</exTypeCode><westBL Sync="TRUE">-79.639265</westBL><eastBL Sync="TRUE">-79.115243</eastBL><northBL Sync="TRUE">43.855457</northBL><southBL Sync="TRUE">43.580996</southBL></GeoBndBox></geoEle></dataExt><idPoC xmlns=""><rpIndName>Open Data Team</rpIndName><rpOrgName>City of Toronto</rpOrgName><role><RoleCd value="005"/></role><rpCntInfo xmlns=""><cntAddress addressType=""><eMailAdd>opendata@toronto.ca</eMailAdd></cntAddress></rpCntInfo></idPoC></dataIdInfo><metainfo><D>99</D><langmeta>en</langmeta></metainfo><spdoinfo><ptvctinf><esriterm Name="CENTRELINE_INTERSECTION_WGS84"><efeatyp Sync="TRUE">Simple</efeatyp><efeageom code="1" Sync="TRUE"/><esritopo Sync="TRUE">FALSE</esritopo><efeacnt Sync="TRUE">46634</efeacnt><spindex Sync="TRUE">FALSE</spindex><linrefer Sync="TRUE">FALSE</linrefer></esriterm></ptvctinf></spdoinfo><mdContact><rpOrgName>Geospatial Competency Centre</rpOrgName><rpIndName>.</rpIndName><rpCntInfo><cntAddress><city>Toronto</city><delPoint>18 Dyas Rd,  3rd Floor</delPoint><eMailAdd>gcc@toronto.ca</eMailAdd><postCode>M3B 1V5</postCode><adminArea>ON</adminArea></cntAddress><cntPhone><voiceNum>416-392-2506</voiceNum><faxNum>416-397-4900</faxNum></cntPhone></rpCntInfo><rpPosName>.</rpPosName></mdContact><eainfo><detailed Name="CENTRELINE_INTERSECTION_WGS84"><enttyp><enttypt>Feature Class</enttypt><enttypl>CITYGCS.CENTRELINE_INTERSECTION</enttypl><enttypc Sync="TRUE">46634</enttypc></enttyp><attr><attrlabl Sync="TRUE">FID</attrlabl><attalias Sync="TRUE">FID</attalias><attrtype Sync="TRUE">OID</attrtype><attwidth Sync="TRUE">4</attwidth><atprecis Sync="TRUE">0</atprecis><attscale Sync="TRUE">0</attscale><attrdef Sync="TRUE">Internal feature number.</attrdef><attrdefs Sync="TRUE">Esri</attrdefs><attrdomv><udom Sync="TRUE">Sequential unique whole numbers that are automatically generated.</udom></attrdomv></attr><attr><attrlabl>INT_ID</attrlabl><attalias>INT_ID</attalias><attrtype>NUMBER</attrtype><attwidth>22</attwidth><attrdef>Unique id of the intersection</attrdef><atprecis Sync="TRUE">10</atprecis><attscale Sync="TRUE">0</attscale></attr><attr><attrlabl>ELEV_ID</attrlabl><attalias>ELEV_ID</attalias><attrtype>NUMBER</attrtype><attwidth>22</attwidth><attrdef>Unique id of the elevation</attrdef><atprecis Sync="TRUE">10</atprecis><attscale Sync="TRUE">0</attscale></attr><attr><attrlabl>INTERSEC5</attrlabl><attalias>INTERSEC5</attalias><attrtype>VARCHAR2</attrtype><attwidth>250</attwidth><attrdef>Intersection Description: two cross streets</attrdef><atprecis Sync="TRUE">0</atprecis><attscale Sync="TRUE">0</attscale></attr><attr><attrlabl>CLASSIFI6</attrlabl><attalias>CLASSIFI6</attalias><attrtype>VARCHAR2</attrtype><attwidth>5</attwidth><attrdef>Intersection classification</attrdef><atprecis Sync="TRUE">0</atprecis><attscale Sync="TRUE">0</attscale></attr><attr><attrlabl>CLASSIFI7</attrlabl><attalias>CLASSIFI7</attalias><attrtype>VARCHAR2</attrtype><attwidth>80</attwidth><attrdef>Intersection classification description</attrdef><atprecis Sync="TRUE">0</atprecis><attscale Sync="TRUE">0</attscale></attr><attr><attrlabl>NUM_ELEV</attrlabl><attalias>NUM_ELEV</attalias><attrtype>NUMBER</attrtype><attwidth>22</attwidth><attrdef>Number of different elevation in the intersection</attrdef><atprecis Sync="TRUE">3</atprecis><attscale Sync="TRUE">0</attscale></attr><attr><attrlabl>ELEVATIO9</attrlabl><attalias>ELEVATIO9</attalias><attrtype>NUMBER</attrtype><attwidth>22</attwidth><attrdef>Feature code of the elevation</attrdef><atprecis Sync="TRUE">7</atprecis><attscale Sync="TRUE">0</attscale></attr><attr><attrlabl>ELEVATIO10</attrlabl><attalias>ELEVATIO10</attalias><attrtype>VARCHAR2</attrtype><attwidth>80</attwidth><attrdef>Feature code description of the elevation</attrdef><atprecis Sync="TRUE">0</atprecis><attscale Sync="TRUE">0</attscale></attr><attr><attrlabl>ELEV_LEVEL</attrlabl><attalias>ELEV_LEVEL</attalias><attrtype>NUMBER</attrtype><attwidth>22</attwidth><attrdef>Elevation level number</attrdef><atprecis Sync="TRUE">3</atprecis><attscale Sync="TRUE">0</attscale></attr><attr><attrlabl>ELEVATION</attrlabl><attalias>ELEVATION</attalias><attrtype>NUMBER</attrtype><attwidth>22</attwidth><attrdef>Elevation height</attrdef><atprecis Sync="TRUE">8</atprecis><attscale Sync="TRUE">6</attscale></attr><attr><attrlabl>ELEVATIO13</attrlabl><attalias>ELEVATIO13</attalias><attrtype>VARCHAR2</attrtype><attwidth>6</attwidth><attrdef>Elevation measurement unit</attrdef><atprecis Sync="TRUE">0</atprecis><attscale Sync="TRUE">0</attscale></attr><attr><attrlabl>HEIGHT_R14</attrlabl><attalias>HEIGHT_R14</attalias><attrtype>NUMBER</attrtype><attwidth>22</attwidth><attrdef>Height restriction</attrdef><atprecis Sync="TRUE">7</atprecis><attscale Sync="TRUE">6</attscale></attr><attr><attrlabl>HEIGHT_R15</attrlabl><attalias>HEIGHT_R15</attalias><attrtype>VARCHAR2</attrtype><attwidth>6</attwidth><attrdef>Height restriction unit</attrdef><atprecis Sync="TRUE">0</atprecis><attscale Sync="TRUE">0</attscale></attr><attr><attrlabl>X</attrlabl><attalias>X</attalias><attrtype>NUMBER</attrtype><attwidth>22</attwidth><attrdef>Easting of address point, Projection is MTM  3 degree, metric, NAD 27</attrdef><atprecis Sync="TRUE">10</atprecis><attscale Sync="TRUE">4</attscale></attr><attr><attrlabl>Y</attrlabl><attalias>Y</attalias><attrtype>NUMBER</attrtype><attwidth>22</attwidth><attrdef>Northing of address point, Projection is MTM  3 degree, metric, NAD 27</attrdef><atprecis Sync="TRUE">10</atprecis><attscale Sync="TRUE">4</attscale></attr><attr><attrlabl>LONGITUDE</attrlabl><attalias>LONGITUDE</attalias><attrtype>NUMBER</attrtype><attwidth>22</attwidth><attrdef>Easting of address point, GCS Projection</attrdef><atprecis Sync="TRUE">13</atprecis><attscale Sync="TRUE">11</attscale></attr><attr><attrlabl>LATITUDE</attrlabl><attalias>LATITUDE</attalias><attrtype>NUMBER</attrtype><attwidth>22</attwidth><attrdef>Northing of address point, GCS Projection</attrdef><atprecis Sync="TRUE">13</atprecis><attscale Sync="TRUE">11</attscale></attr><attr><attrlabl>SHAPE</attrlabl><attalias>SHAPE</attalias><attrtype>SDO_GEOMETRY</attrtype><attwidth>64</attwidth><attrdef>Intersection spatial feature - GCS Projection</attrdef><atprecis Sync="TRUE">0</atprecis><attscale Sync="TRUE">0</attscale><attrdefs Sync="TRUE">Esri</attrdefs><attrdomv><udom Sync="TRUE">Coordinates defining the features.</udom></attrdomv></attr><attr><attrlabl>OBJECTID</attrlabl><attalias>OBJECTID</attalias><attrtype>NUMBER</attrtype><attwidth>22</attwidth><attrdef>Unique identifier</attrdef><atprecis Sync="TRUE">20</atprecis><attscale Sync="TRUE">0</attscale></attr></detailed></eainfo><mdLang><languageCode value="en" Sync="TRUE"/><countryCode value="US" Sync="TRUE"/></mdLang><distInfo><distFormat><formatName Sync="TRUE">Shapefile</formatName></distFormat><distTranOps><transSize Sync="TRUE">1.245</transSize></distTranOps></distInfo><mdHrLv><ScopeCd value="005" Sync="TRUE"/></mdHrLv><mdHrLvName Sync="TRUE">dataset</mdHrLvName><refSysInfo><RefSystem><refSysID><identCode code="0" Sync="TRUE"/></refSysID></RefSystem></refSysInfo><spatRepInfo><VectSpatRep><geometObjs Name="CENTRELINE_INTERSECTION_WGS84"><geoObjTyp><GeoObjTypCd value="004" Sync="TRUE"/></geoObjTyp><geoObjCnt Sync="TRUE">46634</geoObjCnt></geometObjs><topLvl><TopoLevCd value="001" Sync="TRUE"/></topLvl></VectSpatRep></spatRepInfo><mdDateSt Sync="TRUE">20130729</mdDateSt></metadata>
